{
    "Expected expenses":{
        "Cantidad":0.5838602327,
        "Cantidad menos inversiones":0.414932782,
        "Alimentos":0.0385960423,
        "Recurrentes":0.2551835201,
        "Extraordinarios":0.0,
        "Salidas":0.0265910028,
        "Viajes":0.0406153036,
        "Otros\/Únicos":0.0613158482,
        "Inversiones":0.1597632947
    },
    "Budget":{
        "Cantidad":0.6594315814,
        "Cantidad menos inversiones":0.4593115215,
        "Alimentos":0.046264586,
        "Recurrentes":0.2714357359,
        "Extraordinarios":0.0,
        "Salidas":0.0309360021,
        "Viajes":0.0739354335,
        "Otros\/Únicos":0.0854503281,
        "Inversiones":0.2175388524
    }
}