{
    "Expected expenses":{
        "Cantidad":0.796453894,
        "Cantidad menos inversiones":0.796453894,
        "Alimentos":0.1022443137,
        "Recurrentes":0.2610843044,
        "Extraordinarios":0.0,
        "Salidas":0.0246899954,
        "Viajes":0.161627409,
        "Otros\/Únicos":0.0717523997,
        "Inversiones":0.0
    },
    "Budget":{
        "Cantidad":0.9543729906,
        "Cantidad menos inversiones":0.9543729906,
        "Alimentos":0.1277040678,
        "Recurrentes":0.2837011061,
        "Extraordinarios":0.0,
        "Salidas":0.0292585653,
        "Viajes":0.297702437,
        "Otros\/Únicos":0.1049524172,
        "Inversiones":0.0
    }
}